{
  "classification_report":{
    "0":{
      "Low\/None":{
        "precision":0.5454545455,
        "recall":0.4444444444,
        "f1-score":0.4897959184,
        "support":27.0
      },
      "Moderate":{
        "precision":0.5142857143,
        "recall":0.5294117647,
        "f1-score":0.5217391304,
        "support":34.0
      },
      "High":{
        "precision":0.3571428571,
        "recall":0.4166666667,
        "f1-score":0.3846153846,
        "support":24.0
      },
      "accuracy":0.4705882353,
      "macro avg":{
        "precision":0.4722943723,
        "recall":0.4635076253,
        "f1-score":0.4653834778,
        "support":85.0
      },
      "weighted avg":{
        "precision":0.4798166539,
        "recall":0.4705882353,
        "f1-score":0.4728751701,
        "support":85.0
      }
    }
  },
  "confusion_matrix":{
    "0":[
      [
        12,
        9,
        6
      ],
      [
        4,
        18,
        12
      ],
      [
        6,
        8,
        10
      ]
    ]
  },
  "macro_f1_score":{
    "0":0.4653834778
  },
  "overall_accuracy":{
    "0":0.4705882353
  },
  "target_achieved":{
    "0":false
  },
  "model_type":{
    "0":"2026 Ensemble Final Strategy"
  },
  "classes":{
    "0":[
      "Low\/None",
      "Moderate",
      "High"
    ]
  },
  "ensemble_size":{
    "0":3
  },
  "dynamic_thresholding":{
    "0":true
  },
  "diagonal_accuracy":{
    "0":0.4705882353
  },
  "diagonal_dominance_ratio":{
    "0":1.7777777778
  }
}