{
  "classification_report":{
    "0":{
      "Low\/None":{
        "precision":0.5833333333,
        "recall":0.4516129032,
        "f1-score":0.5090909091,
        "support":31.0
      },
      "Moderate":{
        "precision":0.2,
        "recall":0.2307692308,
        "f1-score":0.2142857143,
        "support":13.0
      },
      "High":{
        "precision":0.2941176471,
        "recall":0.4166666667,
        "f1-score":0.3448275862,
        "support":12.0
      },
      "accuracy":0.3928571429,
      "macro avg":{
        "precision":0.3591503268,
        "recall":0.3663496002,
        "f1-score":0.3560680699,
        "support":56.0
      },
      "weighted avg":{
        "precision":0.4323704482,
        "recall":0.3928571429,
        "f1-score":0.4054547054,
        "support":56.0
      }
    }
  },
  "confusion_matrix":{
    "0":[
      [
        14,
        10,
        7
      ],
      [
        5,
        3,
        5
      ],
      [
        5,
        2,
        5
      ]
    ]
  },
  "macro_f1_score":{
    "0":0.3560680699
  },
  "overall_accuracy":{
    "0":0.3928571429
  },
  "target_achieved":{
    "0":false
  },
  "model_type":{
    "0":"Project Proposal Process Flow - 3-Class"
  },
  "classes":{
    "0":[
      "Low\/None",
      "Moderate",
      "High"
    ]
  }
}